0.09404052443384994,0.017625148986889147,0.5338193002805952
0.15959475566150183,-0.07921632896305132,0.03379055200034029
0.16436233611442191,0.028054231227651952,0.1828057418851843
0.05828367103694872,0.054871871275327666,0.0516723747865215
0.1429082240762813,0.13234505363527999,0.37685663360189225
0.12145411203814072,-0.0375,0.4828229908533369
0.09642431466030991,0.12042610250297965,0.5397799078759884
0.2704410011918951,0.05785160905840289,0.6510445829900052
0.04994040524433854,-0.031540524433849894,0.8810798835233502
0.22872467222884382,0.05040226460071514,0.6947557053562265
0.08688915375446961,0.05189213349225272,0.9364914578360843
0.06543504171632905,-0.1000744934445769,1.0583527686752459
0.20011918951132301,0.02507449344457683,1.041795525354708
0.15244338498212157,0.05785160905840282,1.2298858094760219
-0.026340882002383714,-0.01068235995232411,1.366759020925804
0.01895113230035754,0.17108164481525626,1.3484356716510757
0.14529201430274138,-0.0866656734207389,1.3800048155822353
0.06305125148986894,0.005706197854588695,1.5630175450852508
0.09284862932061982,-0.09858462455303925,1.5159949740549223
0.040405244338498174,0.016135280095351603,1.6544135282146224
0.0785458879618593,-0.01962157330154951,1.7349921123745744
0.14290822407628143,-0.25353098927294393,1.7906244499315833
0.005840286054827212,0.016135280095351603,1.9937266346635183
0.08569725864123949,-0.021469010727056016,1.7190971587868575
0.1548271752085817,-0.08815554231227644,2.041853021915216
0.12383790226460067,0.025074493444577003,1.9875452638238509
0.1929678188319429,-0.09709475566150187,2.123535422296538
0.09284862932061982,-0.01664183551847439,2.2763035873340383
0.1190703218116806,-0.06133790226460066,2.221554302754125
-0.07044100119189511,0.02507449344457683,2.296613805807232
0.18104886769964246,-0.08815554231227644,2.384919103516769
0.12383790226460067,0.07870977353992857,2.4153844312265584
0.12145411203814058,-0.11646305125148981,2.347830878478763
0.033253873659117916,-0.004722884386174006,2.359310567181003
0.12979737783075088,0.14277413587604293,2.0743052188234716
0.21442193087008352,-0.02558104886769979,2.066136978785339
0.06185935637663881,-0.07027711561382606,2.0679030847395294
0.13218116805721092,0.050402264600715035,1.9107196548165541
0.1488676996424315,-0.0375,1.7140196041685594
0.15601907032181161,-0.012172228843861758,1.9305883468011993
0.02014302741358759,-0.052398688915375434,1.8378677842061855
0.1464839094159713,0.13234505363528012,1.7511078292065656
0.06662693682955903,-0.132851609058403,1.7049683111533316
0.04517282479141832,0.03699344457687728,1.641830023291013
0.1,0.09062872467222878,1.6391808643597268
0.04994040524433854,-0.07474672228843851,1.455726608368163
0.14290822407628143,-0.05835816448152561,1.4780236960398219
0.07377830750893921,0.07573003575685348,1.4003150340554291
0.17151370679380218,-0.05835816448152561,1.2762460907735287
0.06185935637663881,-0.08219606674612627,1.2775706702391718
0.07020262216924912,0.06232121573301552,1.1696174437892628
0.2740166865315852,-0.0523986889153755,0.9773326580267452
0.10715137067938019,-0.07027711561382588,0.9614377044390283
0.19296781883194275,-0.17158820023837898,0.955256333599361
0.22395709177592377,0.10850715137067937,0.9782157110038411
0.2573301549463647,0.07870977353992843,0.8590035590959652
0.15959475566150177,-0.08368593563766391,0.8280967048976278
0.04755661501787843,0.013155542312276447,0.6483954240587194
0.17270560190703216,0.08764898688915376,0.6642903776464362
0.014183551847437456,0.04891239570917756,0.616605516883286
-0.03825983313468412,0.007196066746126273,0.7468558310048531
0.011799761620977484,0.05189213349225272,0.6245529936771443
0.12145411203814058,-0.12987187127532784,0.6113071990207138
0.02491060786650781,-0.01962157330154951,0.5543502819980621
0.16555423122765206,0.03699344457687728,0.46229200913586954
0.04398092967818841,-0.1060339690107271,0.32586032417463445
0.17985697258641242,-0.39953814064362325,0.4954064957769461
0.06305125148986894,0.06083134684147784,0.41195798944143336
0.07258641239570923,0.04444278903456486,0.20731046199958117
0.1381406436233612,-0.08219606674612644,1.3775626442392174e-05
0.07020262216924912,-0.04941895113230038,0.41659401757118397
0.0725864123957091,-0.07772646007151374,0.3523519134874959
0.09523241954707992,-0.28481823599523237,0.22762068047277442
-0.02514898688915379,-0.0375,0.5119637390974844
-0.004886769964243143,-0.514258045292014,0.5589863101278129
0.1131108462455304,-0.6110995232419546,0.5689206561201354
0.033253873659118055,-0.7749851013110844,0.6108656725321661
-0.10023837902264598,-0.6498361144219308,0.6108656725321656
-0.2504171632896305,-0.8599076281287246,0.511963739097484
-0.19082240762812877,-0.9582389749702025,0.4704602491740015
-0.15029797377830748,-0.989526221692491,0.6143978844405473
-0.0811680572109654,-1.041671632896305,0.7883593209283359
-0.2790226460071513,-1.0014451728247913,0.5826079772651138
-0.21346841477949938,-0.9016239570917758,0.5788550021124585
-0.505482717520858,-0.9939958283671038,0.54905196413549
-0.5126340882002384,-0.9999553039332537,0.3874532693270367
-0.6461263408820023,-1.0178337306317042,0.4960687855097677
-0.7176400476758045,-0.976117401668653,0.4086465407773259
-0.6771156138259832,-0.8241507747318235,0.347715885357745
-0.6103694874851012,-0.6304678188319426,0.35698794161724656
-0.6008343265792611,-0.31163587604290816,0.21349183283924858
-0.5769964243146603,-0.22224374255065552,0.2293867864269653
-0.6199046483909416,-0.2222437425506557,0.6179300963489289
-0.41013110846245526,-0.344412991656734,0.478849252456408
-0.37199046483909415,-0.29077771156138255,0.8457577644395351
-0.4256257449344457,-0.404007747318236,0.5764266064254463
-0.35172824791418356,-0.5172377830750892,0.730960877417137
0.10119189511322998,0.0027264600715137463,0.06491816944295233
-0.40297973778307505,-0.43976460071513707,0.46869414321981107
-0.12407628128724665,-0.5082985697258641,0.6232284142115012
0.1,-0.07027711561382599,0.5146128980287706
-0.35768772348033373,0.04593265792610244,0.4731094081052879
-0.5174016686531585,-0.1492401668653158,0.1375492768090465
-0.5197854588796185,-0.00025327771156141016,0.1896494024576736
-0.37914183551847436,-0.2386323003575685,0.5393383813874407
-0.5293206197854589,-0.374210369487485,0.5993859838299261
-0.4899880810488677,-0.13434147794994045,0.2377757897093711
-0.6222884386174017,-0.5231972586412394,0.4801738319220507
-0.6175208581644814,-0.29971692491060786,0.4510330836779035
-0.7438617401668651,-0.20436531585220485,0.48414757031898004
-0.6508939213349224,0.0742401668653158,0.21790709772472536
-0.5460071513706793,0.05785160905840282,0.7212472946690877
0.1,0.06977056019070317,0.28678522993816435
-0.6508939213349224,0.25749404052443386,0.5636223382575635
-0.7295589988081047,0.3602949940405244,0.13843232978614195
-0.6461263408820025,0.22173718712753282,0.6311758910053594
-0.7104886769964242,0.6389004767580453,0.4364627095558298
-0.3779499404052443,0.4690554231227651,0.6126317784863565
-0.4327771156138259,0.6001638855780691,0.43072286520471
-0.4113230035756854,0.3394368295589987,0.5497142538683117
-0.2849821215733015,0.25749404052443386,0.6170470433718338
-0.4887961859356378,0.23365613825983308,0.3808303719988215
-0.46734207389749693,0.06530095351609054,0.16933918398447986
-0.3910607866507747,0.002726460071513573,0.5154959510058659
-0.4315852205005959,-0.17903754469606667,0.6214623082573103
-0.28617401668653153,-0.03452026221692488,0.7424405661193766
-0.2921334922526817,0.028054231227651882,0.710650658943943
-0.2265792610250297,0.14426400476758033,0.28678522993816413
0.05470798569725862,-0.07623659117997617,0.4890043616930045
-0.10262216924910611,0.18747020262216924,0.205985882533938
-0.029916567342073874,0.17108164481525626,0.01657101894698042
0.033253873659117916,0.15469308700834328,0.2338020513124418
0.0821215733015494,0.034013706793802057,0.4384495787542945
0.08331346841477952,-0.06133790226460073,0.5569994409293483
0.17151370679380212,0.08913885578069124,0.43116439169325776
0.1286054827175209,0.17704112038140637,0.49695183848686286
0.15125148986889145,0.27984207389749693,0.3245357447089918
0.16793802145411194,0.3841328963051251,0.5788550021124585
0.02133492252681765,0.4958730631704409,0.554350281998062
-0.30762812872467216,0.5360995232419545,0.60821651360088
-0.17651966626936824,0.7521305125148986,0.36758457734239075
-0.05971394517282469,0.685086412395709,0.5790757653567324
-0.171752085816448,0.9070768772348033,0.4996009974181493
-0.0454112038140643,0.9473033373063172,0.5887893481047817
-0.23849821215733027,0.8072556615017878,0.5199112158913425
-0.2146603098927294,0.8385429082240761,0.4130618056628024
-0.32431466030989275,0.7253128724672228,0.3795057925331784
-0.3266984505363527,0.6329410011918951,0.32652261390745635
-0.3743742550655541,0.5912246722288438,0.3583125210828897
-0.2468414779499404,0.3021901072705602,0.568479129631588
-0.3672228843861739,0.2813319427890346,0.6717963279517465
-0.5436233611442193,0.41542014302741354,0.6391233677992179
-0.7390941597139452,0.5495083432657926,0.4894458881815522
-0.6723480333730633,0.6597586412395708,0.411295699708612
-0.36126340882002383,0.7104141835518474,0.5550125717308838
-0.41251489868891533,0.6791269368295588,0.5048993152807212
-0.27902264600715143,0.8072556615017875,0.572894394517065
0.12979737783075088,0.7789481525625743,0.6338250499366459
-0.00011918951132292022,0.8564213349225269,0.7062353940584661
-0.016805721096543547,0.6835965435041715,0.6038012487154032
0.17032181168057203,0.7863974970202622,0.5689206561201358
0.27997616209773535,0.7610697258641238,0.5057823682578166
0.5421930870083432,0.5942044100119189,0.6249945201656919
0.3979737783075089,0.7431912991656733,0.3636108389454617
0.3836710369487485,0.531629916567342,0.5596485998606344
0.4694874851013111,0.8251340882002384,0.6991709702417033
0.6530393325387365,0.7193533969010726,0.5556748614637051
0.4861740166865316,0.6135727056019068,0.632058943982455
0.5314660309892728,0.397541716328963,0.22850373344986985
0.48140643623361146,0.7193533969010726,0.6086580400894276
0.44803337306317037,0.6240017878426699,0.3795057925331786
0.35148986889153755,0.5256704410011918,0.6055673546695935
0.30381406436233604,0.6925357568533969,0.5190281629142472
0.3014302741358761,0.5495083432657925,0.509314580166198
0.37890345649582835,0.525670441001192,0.480173831922051
0.25017878426698453,0.31708879618593566,0.49695183848686286
0.39201430274135873,0.031033969010727004,0.5914385070360676
0.505244338498212,0.30665971394517283,0.5146128980287705
0.674493444576877,0.20385876042908208,0.43646270955583
0.7126340882002383,-0.0017431466030990578,0.4633958253572386
0.8115613825983313,0.04593265792610244,0.5375722754332498
0.7686531585220499,-0.055378426698450486,0.7044692881042761
1.008224076281287,-0.20436531585220505,0.6205792552802153
0.8556615017878426,-0.12391239570917757,0.5040162623036258
0.8246722288438616,-0.3265345649582836,0.6691471690204606
0.6792610250297972,-0.21032479141835514,0.6064504076466891
0.674493444576877,-0.09709475566150187,0.5238849542882715
0.6530393325387365,0.17704112038140637,0.5132883185631273
0.5314660309892728,0.2455750893921333,0.6788607517685094
0.1,0.12936531585220504,0.5901139275704248
0.5028605482717521,-0.10752383790226468,0.6325004704710028
0.6792610250297972,-0.12391239570917757,0.5132883185631273
0.5743742550655542,-0.1477502979737783,0.4545652955862851
0.43373063170441006,-0.217774135876043,0.8053580907374218
0.47425506555423125,-0.20883492252681768,0.5296247986393915
0.22514898688915366,0.054871871275327874,0.5755435534483514
0.27640047675804535,0.07275029797377833,0.5530257025324188
0.21799761620977354,-0.016641835518474216,0.1605086542135263
0.2072705601907032,-0.12093265792610243,0.23777578970937135
0.18104886769964246,0.12042610250297979,0.4788492524564075
0.23230035756853393,-0.35931168057210955,0.2717733293275429
0.12860548271752076,-0.527666865315852,0.4227753884108517
0.2025029797377831,-0.6215286054827174,0.4483839247466176
0.24302741358760435,-0.6408969010727056,0.6188131493260244
0.33122765196662685,-0.8509684147794994,0.3887778487926796
0.33122765196662685,-0.8718265792610249,0.42851523276197157
0.3979737783075088,-0.8718265792610249,0.6444216856617899
0.5529201430274135,-0.9344010727056018,0.48414757031898026
0.49570917759237176,-0.7615762812872464,0.6748870133715803
0.5433849821215734,-0.7466775923718713,0.5649469177232067
0.6268176400476757,-0.6006704410011918,0.5212357953569859
0.5743742550655542,-0.46360250297973776,0.6523691624556485
0.7126340882002382,-0.37719010727056024,0.54905196413549
0.6578069129916567,-0.12093265792610243,0.7715813143635235
0.6721096543504171,-0.14477056019070317,0.5587655468835392
0.667342073897497,0.034013706793802265,0.64442168566179
0.5624553039332537,0.1174463647199047,0.6188131493260244
0.1,0.09509833134684148,0.554350281998062
0.29070321811680566,0.3424165673420739,0.5631808117690158
0.24183551847437423,0.1397943980929678,0.40864654077732565
0.17628128724672226,-0.0375,0.4139448586398981
0.17985697258641242,0.20832836710369498,0.48547214978462316
0.0809296781883194,0.4094606674612632,0.43248897115890095
0.1,0.24706495828367106,0.5278586926852008
-0.11454112038140651,-0.12987187127532776,0.4996009974181493
0.1,0.26792312276519664,0.5821664507765665
-0.2146603098927294,0.29325089392133497,0.4192431765024701
-0.12407628128724665,0.11446662693682955,0.34241756749517277
-0.13599523241954709,0.12489570917759242,0.6086580400894276
-0.30405244338498205,-0.10305423122765196,0.5358061694790593
-0.2575685339690106,0.01762514898688925,0.7775419219589175
-0.31358760429082233,-0.31163587604290816,0.6000482735627479
-0.12407628128724665,-0.4099672228843862,0.6152809374176429
0.1,-0.44423420738974956,0.5384553284103453
-0.09070321811680568,-0.4323152562574492,0.6029181957383076
-0.12884386174016688,-0.5857717520858163,0.6885743345165586
-0.040643623361144215,-0.6602651966626938,0.5781927123796372
0.06901072705601907,-0.8062723480333728,0.6276436790969782
0.19296781883194275,-0.6438766388557806,0.7141828708523242
0.23825983313468413,-0.7377383790226457,0.6417725267305042
0.2716328963051251,-0.6900625744934443,0.41041264673151656
0.43015494636471985,-0.7228396901072703,0.7556863607758066
0.5517282479141836,-0.7258194278903457,0.6974048642875124
0.40989272943980926,-0.7585965435041716,0.7830610030657632
0.27044100119189507,-0.6304678188319426,0.6532522154327437
0.29785458879618587,-0.839049463647199,0.7821779500886683
0.18104886769964235,-0.5857717520858166,0.7344930893255179
0.15482717520858155,-0.8748063170441001,0.8232399135236027
0.007032181168057275,-0.6572854588796184,0.7888008474168835
-0.016805721096543547,-0.675163885578069,0.9932276116144617
0.09284862932061982,-0.4755214541120381,0.7570109402414501
0.1190703218116806,-0.47850119189511303,0.7821779500886683
0.1,-0.0375,0.6819072845394891
0.0022646007151370523,-0.48744040524433846,0.6934311258905833
-0.07640047675804523,-0.35633194278903446,0.8841705689431834
-0.09427890345649587,-0.655795589988081,0.8325119697831043
-0.37199046483909404,-0.4814809296781883,0.8106564085999942
-0.43396901072705607,-0.9135429082240761,0.7861516884855974
-0.5603098927294398,-0.9641984505363527,0.802046642073314
-0.3767580452920142,-0.7556168057210962,0.7477388839819485
-0.2980929678188319,-0.7079410011918952,0.9689436547443396
-0.19916567342073901,-0.4576430274135876,0.8768853818821469
-0.332657926102503,-0.3876191895113229,0.8868197278744696
-0.20631704410011917,-0.2550208581644815,0.7715813143635235
-0.19082240762812877,-0.18946662693682947,0.9481919097825983
-0.12407628128724665,-0.009192491060786637,0.7839440560428592
-0.2039332538736591,0.04742252681764002,0.8450954747067136
-0.3195470798569726,-0.11646305125148991,0.7857101619970501
0.1,-0.341433253873659,0.7954237447450988
-0.43396901072705607,-0.31461561382598324,0.8042542745160527
-0.5483909415971395,-0.2803486293206198,0.9093375787904019
-0.4482717520858164,-0.30567640047675815,0.7927745858138125
-0.4077473182359953,0.6865762812872467,0.8722493537523962
-0.3910607866507747,0.03550357568533974,0.8757815656607775
-0.24803337306317033,-0.14477056019070325,0.9027146814621861
-0.11334922526817637,-0.00025327771156147955,0.6709132749746515
-0.06924910607866505,0.093608462455304,0.8881443073401125
-0.17175208581644816,0.07275029797377833,0.6179300963489289
-0.26948748510131115,0.8474821215733016,0.7808533706230251
-0.2790226460071513,0.8147050059594757,0.7888008474168835
-0.17175208581644816,0.022094755661501708,0.864301876958538
-0.3338498212157329,0.41542014302741354,0.8439916584853442
-0.29332538736591174,0.03550357568533974,0.5631808117690158
-0.43396901072705596,-0.0851758045292015,0.7318439303942321
-0.5030989272943981,-0.13583134684147793,0.8748985126836824
0.1,-0.26693980929678185,0.7424405661193764
-0.3982121573301549,-0.3265345649582836,0.8086695394015292
-0.5030989272943981,-0.3965584028605483,0.9685021282557917
-0.5960667461263408,-0.49339988081048874,0.8960917841339708
-0.534088200238379,-0.31759535160905833,0.8033712215389569
-0.5650774731823598,-0.11497318235995216,0.7998390096305759
-0.665196662693683,0.8310935637663885,0.8872612543630175
-0.6389749702026223,0.27835220500595953,0.8837290424546358
-0.31477949940405237,0.7506406436233611,1.0426785783318036
-0.34576877234803327,0.3632747318235995,0.8775476716149684
-0.25280095351609044,0.03848331346841486,0.915298186385796
-0.13241954707985698,0.2560041716328962,0.8576789796303228
-0.13003575685339694,0.11148688915375439,0.9086752890575802
-0.16221692491060777,0.917505959475566,0.9941106645915574
-0.11811680572109645,0.1591626936829559,0.44242331715122374
0.06305125148986879,0.3304976162097734,0.8530429515005717
-0.13837902264600704,-0.0375,0.6868082285623681
-0.15029797377830748,0.5167312276519664,0.864301876958538
-0.15029797377830748,0.5629171632896306,0.7618677316154744
-0.2432657926102502,0.5226907032181166,0.8801968305462546
-0.36483909415971394,0.7700089392133491,0.7954237447450987
-0.3266984505363527,0.6359207389749701,0.86960019482111
-0.5364719904648391,0.6225119189511323,0.9764496050496501
-0.47449344457687703,0.6091030989272944,0.7636338375696654
-0.46734207389749693,0.36923420738974966,0.8519391352792024
-0.6508939213349224,0.5018325387365911,0.7477388839819485
-0.5626936829558998,0.2887812872467223,0.8687171418440144
-0.7104886769964242,0.19491954707985704,0.9278816913094043
-0.665196662693683,0.3260280095351609,0.8351611287143905
-0.41013110846245526,0.16810190703218117,0.9217003204697368
-0.44350417163289635,0.4273390941597139,0.7649584170353084
-0.22538736591179973,0.22471692491060777,0.8729116434852177
-0.30762812872467216,0.5167312276519664,0.6748870133715803
-0.07640047675804532,0.34688617401668653,0.835161128714391
-0.24564958283671043,0.498852800953516,0.7238964536003732
0.06066746126340883,0.6150625744934446,0.9477503832940506
0.06424314660309892,0.6195321811680571,0.723234163867552
-0.0454112038140643,0.7521305125148986,0.8095525923786249
0.13337306317044098,-0.0375,0.6576674803182204
0.15244338498212157,0.816194874851013,0.9172850555842601
0.2740166865315852,0.813215137067938,0.741778276386555
0.24064362336114423,0.996469010727056,0.689457387493654
0.30977353992848633,0.9085667461263408,0.7512710958903301
0.2787842669845053,0.6031436233611441,0.7168320297836108
0.22634088200238373,0.643370083432658,0.7883593209283359
0.10953516090584031,0.5927145411203814,0.9217003204697368
0.033253873659118055,0.6716775923718712,0.8550298206990363
0.18343265792610244,0.5375893921334921,0.9013901019965436
0.3812872467222884,0.46458581644815244,0.8413424995540583
0.10715137067938019,-0.0375,0.6815099106997955
0.27044100119189507,0.3647646007151369,0.6689264057761869
0.40989272943980926,0.2694129916567341,0.8404594465769626
0.4420738974970202,0.06530095351609054,0.8537052412333933
0.5016686531585222,0.2485548271752086,0.8104356453557201
0.5481525625744933,0.17108164481525612,0.8307458638289136
0.45995232419547083,0.36774433849821214,0.8073449599358863
0.34672228843861735,-0.0375,0.6642903776464362
0.48498212157330145,-0.0375,0.7556863607758069
0.43611442193087,0.43031883194278897,0.8907934662713987
0.6268176400476757,0.43627830750893914,0.8616527180272519
0.6971394517282479,0.3617848629320621,0.7300778244400412
0.800834326579261,0.3737038140643623,0.8007220626076711
0.6578069129916567,0.5316299165673419,0.8590035590959654
0.7245530393325387,0.397541716328963,0.8854951484088266
0.7769964243146602,0.16214243146603086,0.6722378544402943
0.6470798569725863,-0.19542610250297965,0.848406923370821
0.8294398092967817,-0.25800059594755664,0.7503880429132349
0.8056019070321809,-0.31163587604290816,0.8342780757372954
0.76984505363528,-0.5053188319427889,0.7490634634475916
0.6053635280095351,-0.5470351609058401,0.9345045886376203
0.6220500595947555,-0.3116358760429082,0.8236814400121502
0.5457687723480333,0.007196066746126342,0.9768911315381978
0.4623361144219309,-0.12987187127532784,0.7883593209283357
0.1488676996424315,-0.10305423122765196,0.7945406917680035
0.4623361144219308,-0.13583134684147805,0.8545882942104888
0.1,-0.2848182359952324,0.9239079529124755
0.3216924910607866,-0.39804827175208585,0.6126317784863565
0.33837902264600705,-0.0375,0.8219153340579602
0.2740166865315852,-0.4382747318235995,0.45434453234201116
0.1905840286054828,-0.675163885578069,0.753920254821616
0.3765196662693683,-0.8867252681764004,0.798072903676385
0.1905840286054828,-0.9093712753277707,0.7953892357692258
0.0880810488676996,-0.9154797377830748,0.8290265372850155
0.22872467222884396,-0.8226609058402858,0.8475238703937259
0.18820023837902253,-0.6587753277711561,0.8051373274931478
0.25494636471990473,-0.6951281287246719,0.7981720221323334
0.3741358760429083,-0.6960220500595945,0.7503880429132347
0.35148986889153755,-0.4546632896305125,0.9817479229122225
0.5410011918951132,-0.737738379022646,0.8960917841339708
0.5910607866507748,-0.7556168057210966,1.0470938432172798
0.48855780691299155,-0.5231972586412394,0.958347019019195
0.5123957091775924,-0.32802443384982116,1.1484241723389736
0.43134684147794977,-0.6125893921334922,1.0709362735988546
0.30977353992848633,-0.4487038140643623,0.9914615056602714
0.4075089392133493,-0.6334475566150177,0.9980844029884867
0.23825983313468405,-0.6960220500595945,1.0991939688659065
0.266865315852205,-0.7228396901072703,0.8775476716149684
0.3491060786650775,-0.5172377830750893,1.0541582670340428
0.21323003575685334,-0.29971692491060786,1.0241344658128
0.38605482717520856,-0.269919547079857,1.0192776744387755
0.48498212157330145,-0.2758790226460071,0.9457635140955858
0.45995232419547083,-0.10752383790226468,1.0868312271865717
0.598212157330155,-0.20734505363528,0.9252325323781182
0.42657926102502974,0.06679082240762822,0.9773326580267452
0.5505363528009536,-0.022601311084624494,0.8854951484088266
0.569606674612634,0.12042610250297972,0.9340630621490724
0.5767580452920142,0.09658820023837895,1.088818096385036
0.6947556615017878,0.23365613825983308,1.1278931906215064
0.6446960667461263,0.4064809296781883,1.1804348427586808
0.45756853396901076,0.4452175208581645,1.139814405812294
0.46471990464839086,-0.0375,1.1848501076441578
0.4694874851013111,0.367744338498212,1.0590150584080673
0.39201430274135873,0.15022348033373065,1.0470938432172798
0.3574493444576876,0.36476460071513706,1.0894803861178577
0.2454112038140643,0.17108164481525612,0.9676190752786963
0.2406436233611441,-0.0628277711561383,0.8431086055082484
0.1,0.0846692491060786,0.8762230921493253
0.1262216924910608,0.22173718712753274,0.8210322810808643
0.027294398092967923,0.3021901072705602,0.9960975337900216
0.24421930870083433,0.22471692491060782,0.9985259294770346
0.14648390941597136,0.5256704410011918,1.0504052918813873
0.2454112038140643,0.39456197854588804,0.9543732806222659
0.7388557806912992,0.6150625744934445,1.5226178713831375
0.8151370679380214,0.6970053635280096,1.4212875422614437
0.21084624553039327,0.7491507747318235,1.0762345914614273
0.24064362336114417,0.9219755661501785,1.1278931906215064
0.15601907032181167,0.8176847437425507,1.044444684285994
-0.0454112038140643,0.7342520858164481,1.0144208830647508
-0.00011918951132292022,0.6001638855780691,1.135399140926817
0.12502979737783082,0.4690554231227651,1.0841820682552854
0.27401668653158506,0.41542014302741354,1.0788837503927136
0.32407628128724664,0.528650178784267,0.99940898245413
0.2787842669845053,0.334967222884386,0.9676190752786963
0.40274135876042905,0.4690554231227652,1.0735854325301408
0.44803337306317037,0.45713647199046475,1.056365899476781
0.5874851013110846,0.32602800953516076,1.2184061207737815
0.40274135876042905,0.17406138259833143,1.2325349684073081
0.3157330154946364,0.3051698450536353,1.0594565848966153
0.266865315852205,-0.0375,0.9649699163474099
0.23468414779499397,0.14128426698450533,1.0795460401255348
0.05709177592371873,0.2396156138259834,0.8881443073401125
-0.04064362336114408,-0.0375,0.8033712215389572
-0.0835518474374255,0.07275029797377833,1.1358406674153645
-0.18843861740166865,0.11446662693682955,0.9526071746680751
-0.26948748510131093,0.20087902264600713,1.0470938432172798
-0.30047675804529206,0.10403754469606674,1.056365899476781
0.39201430274135873,0.227696662693683,1.7650159135958172
0.4313468414779499,0.46309594755661493,1.680242827794662
-0.2945172824791418,0.2753724672228843,1.1027261807742883
0.5040524433849821,0.5048122765196661,1.692605569473997
-0.18367103694874845,0.44074791418355175,0.9340630621490724
-0.03587604290822399,0.19491954707985704,1.0585735319195198
0.0809296781883194,0.37221394517282463,1.1451127236748664
-0.12407628128724665,0.20087902264600713,0.9411274859658354
0.07735399284862932,0.07870977353992843,1.1179588446291835
-0.12526817640047666,0.11297675804529207,0.8742362229508608
0.028486293206197902,-0.06580750893921346,0.9371537475689062
-0.2742550655542312,-0.11199344457687721,0.8713663007753011
-0.054946364719904606,-0.20138557806912982,0.9848386083320562
-0.23611442193086998,-0.275879022646007,0.9126490274545094
-0.2384982121573301,-0.5231972586412394,1.0351726280264921
-0.28736591179976156,-0.4814809296781881,1.1345160879497218
-0.4458879618593563,-0.3846394517282478,1.0126547771105603
-0.3338498212157329,-0.39804827175208585,1.0947787039804298
-0.3159713945172825,-0.4621126340882002,1.0702739838660336
-0.5269368295589988,-0.4338051251489867,0.9874877672633421
-0.4959475566150179,-0.1924463647199047,1.1702797335220843
-0.45065554231227656,-0.18052741358760427,0.9738004461183636
-0.28617401668653164,-0.1492401668653158,1.0568074259653293
0.1,-0.16562872467222897,0.7636338375696654
-0.2957091775923718,0.05785160905840289,0.9190511615384508
-0.24564958283671043,-0.26098033373063156,1.0064734062708924
-0.11811680572109653,-0.26396007151370693,1.0267836247440867
0.15244338498212157,-0.1551996424314659,0.9428935919200259
-0.12407628128724665,-0.5380959475566149,0.958347019019195
-0.10262216924910603,-0.5842818831942789,1.024575992301348
-0.13837902264600718,-0.6662246722288436,1.138931352835198
-0.16698450536352796,-0.8628873659117997,1.096544809934621
-0.14553039332538736,-0.7675357568533966,0.9464258038284075
-0.31716328963051243,-0.861397497020262,0.9181681085613559
-0.41013110846245526,-0.8986442193087008,0.847082343905178
-0.3910607866507747,-0.7347586412395709,0.8404594465769629
-0.2957091775923718,-0.49488974970202615,1.015966225774668
-0.505482717520858,-0.7168802145411204,0.9172850555842601
-0.3636471990464838,-0.5097884386174015,1.1259063214230416
-0.5150178784266983,-0.5321364719904648,1.0841820682552854
-0.23730631704410013,-0.2386323003575684,1.0967655731788941
-0.2778307508939213,-0.3905989272943981,1.0802083298583565
-0.19082240762812866,-0.19840584028605476,1.1179588446291835
-0.12169249106078661,-0.2684296781883193,1.0345103382936707
-0.17651966626936824,-0.472541716328963,0.9901369261946283
-0.03825983313468412,-0.5664034564958281,1.1442296706977702
0.023718712753277763,-0.0375,0.9702682342099828
0.18581644815256254,-0.3950685339690106,1.080649856346904
0.19296781883194275,-0.6304678188319426,0.9729173931412682
0.32407628128724664,-0.5231972586412394,0.9609961779504811
0.48140643623361135,-0.6215286054827174,0.9980844029884867
0.38963051251489866,-0.5261769964243146,1.0479768961943752
0.3848629320619785,-0.33845351609058394,1.1086867883696823
0.22991656734207394,-0.3384535160905841,1.0179530949731328
0.169129916567342,-0.1745679380214541,1.0795460401255348
0.042789034564958355,-0.1924463647199047,0.9411274859658348
-0.05256257449344448,-0.3280244338498212,1.0223683598586095
-0.056138259833134585,-0.14030095351609057,1.0676248249347475
-0.21227651966626945,-0.16860846245530392,1.1671890481022502
-0.11454112038140637,-0.18052741358760427,0.9455427508513119
-0.05971394517282483,0.017625148986889147,1.0285497306982772
0.026102502979737874,-0.106033969010727,0.9285439810422262
0.055899880810488606,0.11148688915375453,0.9020523917293648
0.2525625744934445,0.12489570917759242,0.9649699163474101
0.2930870083432657,0.04891239570917756,0.8024881685618618
0.3133492252681763,0.15767282479141836,1.0941164142476087
0.39201430274135884,0.03997318235995223,0.906688419859116
0.30023837902264583,-0.0851758045292015,0.9234664264239276
0.2930870083432657,-0.09262514898688907,0.8952087311568755
0.1607866507747318,-0.3205750893921334,1.1795517897815855
0.20488676996424315,-0.5023390941597139,1.2656494550483843
0.23110846245530395,-0.15073003575685337,1.2901541751627812
0.31454112038140636,-0.37272050059594747,1.3868484761547244
0.4587604290822407,-0.374210369487485,1.2961147827581747
0.44326579261025034,-0.6304678188319426,1.2546112928346926
0.4718712753277712,-0.4382747318235995,1.41532693466605
0.4075089392133493,-0.5872616209773539,1.2731554053536953
0.26924910607866515,-0.7496573301549461,1.371615812299829
0.14052443384982116,-0.6602651966626938,1.3049453125291286
0.04755661501787843,-0.5231972586412394,1.2607926636743598
-0.05256257449344448,-0.0375,1.3570454381777555
-0.10738974970202617,-0.5634237187127532,1.466985533826129
-0.24564958283671032,-0.7079410011918952,1.3738234447425677
-0.17651966626936824,-0.7451877234803336,1.3120097363458911
-0.08474374255065556,-0.6066299165673419,1.346448802452611
0.014183551847437456,-0.5455452920143028,1.4524151597040555
0.05947556615017884,-0.4606227651966627,1.2219383326821633
0.028486293206197832,-0.3295143027413587,1.227236650544736
0.1,-0.3473927294398092,1.2802198291704578
-0.15864123957091772,-0.42933551847437423,1.342475064055682
-0.2647199046483909,-0.2743891537544696,1.1689551540564411
-0.3696066746126341,-0.9224821215733015,1.2802198291704585
-0.4315852205005959,-0.2386323003575685,1.1318669290184353
-0.48402860548271753,-0.3473927294398092,1.2705062464224088
-0.46138259833134687,-0.1924463647199047,1.3552793322235646
-0.3290822407628128,-0.20734505363528008,1.3420335375671342
-0.45065554231227656,-0.5321364719904648,1.4219498319942654
-0.4148986889153754,-0.2818384982121572,1.1998620082547788
-0.3839094159713946,-0.4874404052443383,1.1451127236748657
-0.14433849821215725,-0.24012216924910598,1.4789067490169172
-0.41251489868891544,-0.6006704410011919,1.0832990152781898
-0.45065554231227656,-0.25651072705601896,1.1521771474916294
-0.28736591179976156,-0.25204112038140636,1.1404766955451155
-0.302860548271752,-0.2982270560190704,1.371615812299829
-0.27663885578069114,0.06828069129916549,1.2925825708497931
-0.41251489868891533,-0.14477056019070317,1.2528451868805017
-0.3982121573301549,0.06083134684147805,1.2219383326821633
-0.3839094159713944,0.05189213349225272,1.2051603261173511
-0.4697258641239571,0.23514600715137063,1.2713892993995042
-0.6246722288438616,0.4183998808104886,1.2298858094760219
-0.45065554231227656,0.43329856972586406,1.2113416969570194
-0.3672228843861739,0.55099821215733,1.1980959023005886
-0.4077473182359951,0.3617848629320618,1.1089075516139557
-0.21227651966626945,-0.0375,1.0497430021485656
-0.12884386174016682,0.19342967818831935,1.1477618826061522
-0.2146603098927294,0.25451430274135867,1.354396279246469
-0.1908224076281286,0.3126191895113229,1.1689551540564411
-0.06209773539928487,0.5003426698450535,1.1927975844380163
-0.05971394517282469,0.5986740166865315,1.2148739088654006
0.21680572109654356,0.7387216924910608,1.315541948254273
0.14052443384982116,0.6105929678188319,1.4427015769560065
0.1,0.39307210965435024,1.3385013256587524
0.0356376638855781,0.4213796185935637,1.3075944714604149
0.10476758045292023,0.46458581644815244,1.225912071079093
0.12145411203814058,0.1934296781883194,1.231210388941665
0.22872467222884382,0.2872914183551848,1.2285612300103788
0.3050059594755661,0.37668355184743724,1.329670795887799
0.29785458879618587,0.5644070321811681,1.4170930406202409
0.2644815256257449,0.3886025029797376,1.31995721313975
0.4277711561382599,0.25749404052443386,1.316425001231368
0.266865315852205,0.06381108462455307,1.3287877429107033
0.3526817640047676,0.2619636471990465,1.2625587696285507
0.4039332538736592,0.016135280095351603,1.2093548277585546
0.5600715137067938,-0.0017431466030988843,1.2292235197432002
0.6327771156138259,0.15618295589988082,1.1239194522245772
0.7626936829558998,0.007196066746126169,1.2153154353539484
0.7090584028605482,0.18896007151370692,1.2952317297810791
0.6220500595947556,0.013155542312276447,1.4585965305437232
0.5398092967818832,0.27239272943980936,1.2731554053536949
0.47425506555423114,0.13234505363528012,1.4325464677194097
0.5958283671036948,-0.12093265792610243,1.4073794578721914
0.4587604290822407,-0.12987187127532784,1.382212448024974
0.49213349225268177,-0.2654499404052443,1.4014188502767981
0.5505363528009535,-0.42486591179976146,1.6493359735963236
0.5862932061978545,-0.1477502979737784,1.471842325200154
0.42657926102502985,-0.1864868891537544,1.982246945961279
0.22872467222884377,-0.24310190703218112,1.5654459407722632
0.400357568533969,-0.3071662693682956,1.6597118460771942
0.4933253873659118,-0.32802443384982116,1.5857561592454568
0.6005959475566149,-0.42486591179976146,1.531889927642639
0.45041716328963044,-0.46360250297973776,1.5305653481769963
0.42419547079856956,-0.7317789034564955,1.5371882455052113
0.30858164481525624,-0.4591328963051251,1.45440202890252
0.24779499404052457,-0.7675357568533969,1.4471168418414833
0.12026221692491058,-0.6602651966626938,1.4939186496275383
-0.02634088200238377,-0.5872616209773539,1.4616872159635568
0.1548271752085817,-0.0375,1.5027491793984915
0.19773539928486294,-0.43976460071513707,1.7398489037485994
0.15601907032181167,-0.36229141835518464,1.51069665619235
0.18343265792610253,-0.1820172824791419,1.5113589459251717
0.05232419547079851,-0.2952473182359952,1.4464545521086623
-0.09070321811680568,-0.39506853396901087,1.5371882455052117
-0.13480333730631708,-0.2684296781883193,1.4683101132917722
-0.26710369487485097,-0.4785011918951133,1.5861976857340043
-0.3338498212157329,-0.5827920143027412,1.5729518910775742
-0.4292014302741358,-0.5082985697258638,1.5517586196272848
-0.36960667461263397,-0.2699195470798568,1.4727253781772496
-0.26948748510131115,-0.13136174016686533,1.623727437260558
-0.264719904648391,-0.21032479141835514,1.4934771231389907
-0.22657926102502976,0.10552741358760429,1.647569867642133
-0.3767580452920142,0.12340584028605474,1.5195271859633042
-0.3123957091775924,0.260473778307509,1.3875107658875456
-0.5269368295589987,0.3424165673420739,1.4391693650476252
-0.43396901072705596,0.4660756853396901,1.5530831990929286
-0.4697258641239571,0.40946066746126347,1.366759020925804
-0.18247914183551842,0.3543355184743741,1.4245989909255512
-0.27902264600715143,0.34539630512514896,1.6352071259627978
-0.09785458879618594,0.0876489868891537,1.480672854971107
-0.1920143027413587,0.09956793802145411,1.670308481802338
-0.06209773539928479,0.11446662693682975,1.479789801994012
0.0809296781883194,0.07721990464839103,1.6325579670315113
0.004648390941597164,0.38562276519666266,1.4848673566123105
-0.07759237187127538,0.39009237187127527,1.6424923130238342
0.25613825983313476,0.3141090584028606,1.365875967948709
0.1190703218116806,0.49140345649582823,1.4643363748948433
-0.05256257449344448,0.5495083432657926,1.666997033138231
-0.051370679380214584,0.567386769964243,1.4709592722230587
-0.10977353992848629,0.6031436233611441,1.649335973596324
0.069010727056019,0.7133939213349224,1.493035596650443
0.13098927294398088,0.7625595947556615,1.5283577157342576
0.18820023837902267,0.5360995232419546,1.4762575900856307
0.3407628128724671,0.6210220500595947,1.5120212356579932
0.4384982121573301,0.5435488676996424,1.5354221395510208
0.5147794994040524,0.30219010727055995,1.5301238216884485
0.39320619785458877,0.18896007151370692,1.6166630134437947
0.3228843861740167,0.4213796185935637,1.4577134775666276
0.19773539928486294,0.3170887961859355,1.5371882455052113
0.4623361144219309,0.16810190703218117,1.5636798348180723
0.43015494636471985,0.07275029797377833,1.4775821695512736
0.535041716328963,-0.11199344457687721,1.4398316547804462
0.5171632896305126,-0.15073003575685345,1.6616987152756588
0.6244338498212157,-0.42486591179976146,1.5994434803904347
0.4861740166865316,-0.42188617401668654,1.483322013902394
0.41346841477949936,-0.5172377830750893,1.4914902539405255
0.25017878426698453,-0.5455452920143026,1.4934771231389907
0.2406436233611441,-0.5097884386174015,1.6714122980237078
0.14052443384982116,-0.6662246722288436,1.5305653481769963
0.05947556615017884,-0.5410756853396899,1.6881903045885196
-0.004886769964243143,-0.5619338498212157,1.5014245999328482
-0.14076281287246714,-0.5664034564958281,1.7058513641304274
-0.22896305125148983,-0.5470351609058403,1.6828919867259478
-0.19558998808104885,-0.5172377830750892,1.8471398404656874
0.0225268176400477,-0.38314958283671025,1.8542042642824506
-0.12884386174016688,-0.30567640047675815,1.9054213369539816
-0.17413587604290812,-0.30865613825983307,1.70540983764188
-0.3386174016686532,-0.38016984505363516,1.7288107415349072
0.1,-0.18350715137067924,1.6789182483290188
-0.3982121573301549,-0.07325685339690094,1.6842165661915918
-0.3564958283671037,0.02209475566150188,1.8193236716871826
-0.11215733015494625,-0.004722884386174006,1.8325694663436134
-0.11692491060786647,-0.01068235995232411,1.8285957279466836
0.1,0.08317938021454113,1.9398604030607014
-0.047794994040524424,0.14724374255065556,1.7385243242829562
-0.27663885578069114,0.3796632896305125,1.7941566618399643
-0.202741358760429,0.34539630512514896,1.6524266590161576
-0.3195470798569726,0.4660756853396901,1.7504455394737435
-0.0871275327771156,0.32751787842669844,1.8577364761908313
-0.08593563766388554,0.4273390941597139,1.6954754916495576
-0.36245530393325376,0.5018325387365911,1.7583930162676016
-0.06328963051251485,0.4035011918951133,1.7411734832142423
-0.30047675804529195,0.3558253873659116,1.6334410200086074
-0.19320619785458878,0.5912246722288438,1.7261615826036212
-0.28617401668653164,0.41542014302741354,1.8285957279466836
-0.16460071513706784,0.5778158522050059,1.8232974100841115
0.05470798569725862,0.4481972586412395,1.6979038873365693
0.07139451728247925,0.47948450536352805,1.9116027077936486
0.2799761620977354,0.3617848629320621,1.7623667546645319
0.09046483909415985,0.3528456495828367,1.6683216126038738
0.1,0.21577771156138265,1.8285957279466836
-0.06805721096543499,0.397541716328963,1.9495739858087502
0.17389749702026222,0.09211859356376646,1.7213047912295967
0.29547079856972586,0.27984207389749705,1.6676593228710528
0.17985697258641242,0.12042610250297979,1.7908452131758574
0.4718712753277713,0.16810190703218117,1.5994434803904347
0.5374255065554231,0.2396156138259834,1.7111496819929997
0.47425506555423125,-0.03452026221692505,1.6219613313063668
0.6029797377830751,-0.10007449344457682,1.7597175957332447
0.533849821215733,0.022094755661501708,1.8692161648930719
0.39201430274135873,-0.07027711561382599,1.7650159135958172
0.3502979737783075,0.039973182359952335,1.6828919867259478
0.3943980929678189,-0.21032479141835514,1.9557553566484176
0.49451728247914184,-0.1924463647199047,1.7491209600081004
0.41942789034564965,-0.4099672228843862,1.837867784206185
0.3598331346841478,-0.4963796185935637,1.6413884968024655
0.3598331346841479,-0.5142580452920142,1.8471398404656874
0.3467222884386173,-0.5231972586412396,1.6179875929094378
0.1810488676996424,-0.4591328963051251,1.6941509121839138
0.23110846245530395,-0.6140792610250299,1.6140138545125087
0.15244338498212157,-0.46211263408820036,1.6537512384818003
0.07139451728247918,-0.0375,1.7530946984050297
0.15125148986889153,-0.0375,1.7345505858860268
0.23230035756853393,-0.0375,1.804753297565109
0.24898688915375447,-0.18946662693682953,1.8259465690153982
0.3228843861740167,-0.18946662693682953,1.8383093106947328
0.4516090584028605,-0.18946662693682953,1.9230823964958896
0.5457687723480333,-0.23714243146603103,2.1094065746630117
0.2954707985697259,-0.03154052443384972,1.9994664790146381
0.4051251489868891,-0.18052741358760427,1.873631429778548
0.2811680572109654,-0.010682359952324215,1.9248485024500797
0.43134684147794977,-0.20883492252681768,2.0723183496250073
0.5338498212157329,-0.32355482717520856,2.0520081311518132
0.4075089392133493,-0.341433253873659,2.0316979126786197
0.33837902264600717,-0.4338051251489869,2.187998289624501
0.3526817640047675,-0.5321364719904649,2.097485359472225
0.26924910607866515,-0.5172377830750893,1.9486909328316548
0.13456495828367104,-0.5976907032181166,1.8418415226031148
0.0880810488676996,-0.0375,1.9716503102361351
0.14529201430274138,-0.5604439809296781,2.1120557335942984
0.18224076281287238,-0.2818384982121573,2.1736486787467015
0.06185935637663881,-0.49786948748510124,2.082914985350152
-0.06209773539928479,-0.2758790226460071,2.0292695169916075
-0.13837902264600718,-0.567893325387366,2.0127122736710694
-0.27663885578069125,-0.5440554231227652,2.0921870416096526
-0.29332538736591174,-0.5097884386174015,1.8692161648930719
-0.0632896305125149,-0.37123063170441006,1.7915075029086784
-0.3457687723480334,-0.4814809296781883,1.7981304002368932
-0.26710369487485097,-0.4546632896305125,2.0034402174115673
-0.2742550655542312,-0.16413885578069123,1.9007853088242306
-0.17890345649582837,-0.20436531585220485,2.0166860120679986
-0.07759237187127538,-0.14477056019070317,2.017569065045094
-0.040643623361144215,-0.3324940405244338,2.145170220235375
-0.09070321811680562,-0.2445917759237186,2.0041025071443896
-0.11454112038140637,-0.21926400476758048,2.0325809656557148
-0.09070321811680568,-0.01068235995232411,1.9663519923735624
-0.2861740166865314,-0.028560786650774772,2.055540343060195
-0.36126340882002383,0.07573003575685348,2.0184521180221893
-0.3886769964243145,0.2515345649582836,1.859061055656474
-0.3362336114421929,0.013155542312276551,1.8400754166489237
-0.2480333730631704,0.24557508939213343,1.9848961048925646
-0.0036948748510131635,0.09658820023837889,1.9451587209232732
-0.2909415971394518,0.06977056019070331,2.048475919243432
-0.06209773539928487,-0.006212753277711584,2.1193409206553353
-0.20750893921334926,0.20683849821215738,2.1041082568004406
-0.0513706793802145,0.24259535160905835,1.8824619595495022
-0.19558998808104885,0.4109505363528009,2.0166860120679986
-0.03825983313468412,0.43329856972586406,1.9778316810758017
0.18820023837902267,0.4735250297973777,2.0573064490143858
0.1381406436233612,0.27388259833134676,2.106757415731726
0.06424314660309892,0.32900774731823584,1.9866622108467564
-0.08831942789034564,0.19044994040524418,2.1769601274108084
0.005840286054827212,0.2083283671036948,1.9769486280987065
0.17866507747318236,0.17406138259833143,2.147819379166661
0.033253873659118055,0.3260280095351609,2.103225203823345
0.16555423122765198,0.2619636471990464,1.947807879854559
0.20250297973778303,0.4690554231227651,1.9628197804651808
0.2644815256257449,0.299210369487485,1.9014475985570523
0.20965435041716324,0.4943831942789033,1.991960528709328
0.3765196662693683,0.329007747318236,1.9623782539766332
0.44326579261025034,0.30814958283671023,2.0378792835182873
0.4384982121573302,0.06679082240762815,2.1902059220672396
0.39916567342073883,0.0042163289630512205,2.3306113454254036
0.38963051251489866,-0.10752383790226458,2.2087500345862416
0.3038140643623361,-0.24012216924910598,2.180050812830642
0.33122765196662696,-0.2684296781883194,2.3425325606161915
0.17151370679380218,-0.4338051251489869,2.248928945044081
0.36221692491060786,-0.5172377830750893,2.231267885502174
0.195351609058403,-0.420396305125149,2.142079534815542
0.09523241954707992,-0.49786948748510124,2.156208382449067
0.13337306317044098,-0.37123063170441006,2.2692391635172755
-0.0835518474374255,-0.472541716328963,2.2988214382499703
-0.10262216924910611,-0.30567640047675815,2.280277325730967
0.06185935637663881,-0.27885876042908225,2.1425210613040897
-0.07044100119189503,-0.1015643623361144,2.082252695617329
-0.04183551847437422,0.06381108462455307,2.135898163975874
0.13933253873659113,-0.058358164481525504,2.0193351709992844
0.22514898688915375,0.12489570917759235,2.082252695617329
0.2883194278903457,-0.07921632896305121,2.1844660777161193
0.09284862932061982,-0.1715882002383791,2.5624127519129387
0.3502979737783075,0.13085518474374244,2.497066831607881
0.23230035756853398,0.17853098927294397,2.155104566227698
0.26448152562574484,0.3304976162097734,2.3180278405017933
-0.029916567342073874,0.41839988081048873,2.2577594748150345
0.1464839094159715,0.260473778307509,2.3566614082497166
0.23110846245530378,-0.007702622169248989,2.17475249496807
-0.0954707985697259,0.32304827175208584,2.122652369319443
0.1,0.1070172824791419,2.2577594748150345
-0.2516090584028605,0.2485548271752086,2.2083085080976947
-0.08831942789034572,0.2962306317044099,2.1882190528687744
-0.28379022646007135,0.19789928486293198,2.273654428402752
-0.3123957091775924,0.07573003575685348,2.1076404687088215
-0.298092967818832,0.17704112038140637,2.2763035873340383
-0.2790226460071513,-0.06133790226460073,2.313391812372043
-0.007270560190703254,-0.006212753277711584,2.2162559848915526
-0.1455303933253873,-0.21926400476758037,2.2886663290133726
-0.06209773539928479,-0.23416269368295586,2.1985949253496453
-0.17890345649582837,-0.20883492252681768,2.3206769994330796
-0.24445768772348034,-0.11497318235995233,2.072318349625007
0.1,-0.028560786650774772,2.361076673135194
-0.2504171632896305,-0.17307806912991655,2.2127237729831717
-0.1800953516090584,-0.0643176400476757,2.3575444612268117
-0.21227651966626934,-0.2594904648390941,2.2860171700820864
-0.12526817640047672,-0.22522348033373066,2.3643881217993017
-0.040643623361144215,-0.28332836710369474,2.2242034616854114
0.0785458879618593,-0.13136174016686533,2.1915305015328825
0.10715137067938019,-0.31759535160905833,2.3226638686315457
0.13098927294398102,-0.30865613825983307,2.261733213211964
0.10476758045292009,-0.35782181168057203,2.1849076042046667
0.201311084624553,-0.5678933253873658,2.1959457664183586
0.09284862932061982,-0.40251787842669845,2.157753725158984
0.12741358760429083,-0.1432806912991657,2.5372457420657204
0.10238379022645998,-0.22224374255065552,2.403463216035772
0.09284862932061982,-0.07921632896305121,2.3584275142039077
0.26924910607866515,0.04295292014302746,2.427305646417347
0.2060786650774732,-0.21330452920143025,2.318690130234616
0.3395709177592372,-0.27289928486293197,2.4467328119134453
0.21203814064362334,-0.14775029797377823,2.594202659088372
0.31811680572109646,-0.06133790226460073,2.404346269012866
0.1429082240762813,-0.1373212157330155,2.533934293401613
0.30381406436233616,0.06977056019070317,2.384919103516769
0.20250297973778303,0.11446662693682948,2.6173827997371246
0.3371871275327771,0.1174463647199047,2.4405514410737768
0.18343265792610244,0.32751787842669844,2.5262075798520276
0.31096543504171625,0.14128426698450539,2.505014308401739
0.4075089392133492,0.16810190703218117,2.371673308860338
0.3050059594755661,0.08466924910607868,2.406112374967057
0.18224076281287246,0.08466924910607868,2.5482839042794123
0.19535160905840276,0.09658820023837895,2.4743282174476753
0.17866507747318236,0.2887812872467222,2.4829379839743546
0.13933253873659118,0.10999702026221699,2.3955157392419126
0.05709177592371859,0.23216626936829554,2.5915535001570857
0.01895113230035754,0.24557508939213343,2.4281886993944415
-0.11215733015494625,0.32751787842669833,2.395515739241914
0.004648390941597011,0.23907926102502974,2.2100746140518854
0.009415971394517303,0.2098182359952324,2.435253123211205
0.016567342073897498,0.18449046483909423,2.6359269122561284
-0.0835518474374255,0.029544100119189426,2.4122937458067253
0.028486293206197832,0.016135280095351603,2.615395930538661
-0.13957091775923716,-0.04941895113230021,2.5606466459587476
-0.09547079856972585,0.03392431466030979,2.131924425578944
-0.18367103694874845,0.0965882002383791,2.5041312554246438
-0.06448152562574491,0.034013706793802057,2.5975141077524793
0.15363528009535163,-0.046439213349225225,2.3805038386312916
0.03802145411203813,-0.1864868891537544,2.52973979176041
-0.05733015494636465,-0.20734505363528008,2.3484931682115846
-0.07640047675804532,-0.42188617401668654,2.4034632160357705
-0.22896305125148983,-0.3891090584028606,2.349155457944406
-0.2551847437425506,-0.24310190703218112,2.4052293219899616
-0.0895113230035757,-0.17754767580452926,2.4226696182875957
-0.10858164481525617,-0.1864868891537544,2.607448453744802
0.030870083432658013,-0.23416269368295586,2.4180335901578447
0.16436233611442186,-0.3116358760429082,2.5365834523328985
0.12383790226460067,-0.14626042908224074,2.4200204593563095
0.24064362336114423,-0.0911352800953516,2.4908854607682125
0.033253873659117916,0.007196066746126342,2.2723298489371087
0.36936829558998807,-0.1268921334922527,2.3398834016849053
0.3562574493444577,0.1383045292014301,2.2321509384792693
0.37175208581644814,-0.14179082240762803,2.3548953022955255
0.3634088200238379,0.057851609058402996,2.234800097410556
0.2644815256257449,0.23514600715137057,2.2531234466852843
0.13933253873659113,0.13234505363527999,2.4425383102722416
0.12026221692491058,-0.13136174016686533,2.4021386365701285
-0.033492252681764034,-0.07176698450536363,2.473003637982033
0.17508939213349228,-0.13136174016686533,2.625330276530984
0.12383790226460067,0.06381108462455307,2.5376872685542686
0.26209773539928494,0.019115017878426725,2.782292943209686
0.16912991656734205,0.23514600715137063,2.7602166187823016
0.052324195470798654,0.1383045292014303,2.778319204812757
-0.07640047675804532,0.3185786650774732,2.7814098902325903
-0.04183551847437414,0.09062872467222892,2.607448453744803
-0.09785458879618594,0.04444278903456486,2.645861258248452
-0.009654350417163213,-0.11199344457687721,2.7412309797747514
-0.03825983313468412,-0.17754767580452915,2.604799294813516
0.0880810488676996,-0.06133790226460073,2.610097612676089
0.06901072705601914,-0.2654499404052444,2.6339400430576636
0.2513706793802146,-0.14477056019070325,2.6498349966453807
0.19773539928486294,-0.33845351609058394,2.8418990191636238
0.33837902264600705,-0.2550208581644815,2.798187896797402
0.37890345649582835,-0.12093265792610243,2.8838440355756543
0.3026221692491061,-0.09411501787842672,2.832626962904123
0.21203814064362334,0.054871871275327666,2.9491899558807115
0.1,0.0846692491060786,2.8286532245071934
-0.02157330154946356,0.11446662693682955,2.9114394411098843
-0.09666269368295582,-0.031540524433849894,2.83880833374379
-0.0811680572109654,-0.16860846245530392,2.84057443969798
0.08331346841477952,-0.21032479141835503,2.7540352479426344
0.10476758045292023,-0.21628426698450526,2.992459551758385
0.1905840286054828,-0.18201728247914178,2.855144813820055
0.20011918951132293,-0.0017431466030990578,2.9094525719114195
0.3264600715137068,-0.0762365911799761,2.95713743267457
0.2668653158522051,0.08466924910607868,3.0454427303841065
0.15005959475566147,0.15171334922526805,3.033079988704772
0.06185935637663881,0.09956793802145411,2.96861712137681
0.0022646007151370523,-0.01068235995232411,3.007471452369006
-0.00011918951132292022,-0.17754767580452915,2.920049207636564
0.1452920143027413,-0.0866656734207389,2.986940470651539
0.05232419547079851,-0.22373361144219306,3.1081394917578797
0.11191895113230041,-0.12987187127532784,3.080323322979374
0.21918951132300352,-0.2550208581644815,3.1266836042768813
0.2573301549463647,-0.12987187127532784,3.1302158161852622
0.29308700834326584,-0.0851758045292015,3.3500960074820103
0.19535160905840285,0.05785160905840289,3.261790709772473
0.22038140643623358,0.09360846245530394,3.0306515930177595
0.06662693682955903,0.001236591179976168,3.112554756643355
0.045172824791418466,0.23365613825983308,3.2026261603070836
0.009415971394517234,0.09211859356376625,2.9977578696209566
0.10953516090584016,0.02209475566150188,3.13286497511655
-0.0775923718712753,-0.06133790226460073,3.1434616108416926
0.027294398092967853,-0.14477056019070317,3.0306515930177595
-0.0025029797377830315,-0.28779797377830746,3.01806808809415
0.15482717520858155,-0.17903754469606672,3.26620597465795
0.1810488676996424,-0.11646305125148981,3.161784960116422
0.11668653158522063,-0.07623659117997626,3.3439146366423427
0.26328963051251486,-0.012172228843861689,3.1783422034369604
0.09284862932061982,-0.0017431466030990578,3.3160984678638386
0.18343265792610253,-0.0762365911799761,3.3880672854971112
0.01656734207389743,-0.022601311084624494,3.461802209084575
-0.009654350417163365,0.044442789034564965,3.6
0.017759237187127547,-0.13732121573301542,3.489618377863079
0.11549463647199043,-0.09709475566150177,3.3485506647720933
0.14767580452920137,-0.19542610250297965,3.486969218931793
0.04159713945172823,-0.2326728247914184,3.3882880487413853
0.11668653158522056,-0.1596692491060786,3.305501832138694
0.024910607866507672,-0.022601311084624494,3.349212954504914
-0.02157330154946377,0.1397943980929678,3.293580616947906
0.08569725864123963,0.0727502979737784,3.1893803656506523
-0.02872467222884395,0.1859803337306317,3.11167170366626
0.10715137067938019,0.18598033373063155,2.9827459690103364
-0.008462455303933233,0.16810190703218117,2.8785457177130813
0.0880810488676996,0.18747020262216918,3.0578054720634418
0.008224076281287254,0.1591626936829559,2.8635338171024607
0.05470798569725862,0.20534862932061976,3.0242494589338187
0.18820023837902267,0.09360846245530387,2.9015050951175616
0.23825983313468413,0.08308998808104873,2.518701629546718
0.1738974970202623,0.03699344457687721,3.1620057233606964
0.26567342073897504,-0.19542610250297965,3.079881796490826
0.09284862932061982,-0.1537097735399284,3.1439031373302404
0.10238379022645998,-0.11646305125148991,2.955371326720379
-0.05017878426698452,-0.23714243146603092,2.885610141529844
-0.04898688915375446,-0.07623659117997626,2.994225657712575
-0.1789034564958282,-0.07027711561382599,2.9001805156519183
0.030870083432657944,0.09360846245530394,2.873688926339056
-0.0835518474374255,0.12936531585220504,2.847197337026196
0.05709177592371859,0.2113081048867698,2.9094525719114204
0.07854588796185943,0.2709028605482717,2.707233440156579
0.2585220500595947,0.19789928486293218,2.807901479545453
0.21084624553039327,0.09062872467222892,2.6173827997371246
0.3157330154946364,-0.01962157330154951,2.7637488306906834
0.23349225268176405,0.09509833134684148,2.5677110697755112
0.28593563766388547,-0.14626042908224085,2.569477175729701
0.17389749702026214,-0.07027711561382588,2.401476346837306
0.2895113230035756,-0.0732568533969011,2.586255182294513
0.19535160905840285,-0.25800059594755664,2.5544652751190804
0.0976162097735399,-0.17754767580452915,2.5385703215313633
0.28593563766388547,-0.3652711561382599,2.600825556416588
0.19773539928486294,-0.3473927294398092,2.371673308860338
0.3669845053635281,-0.4367848629320618,2.375647047257267
0.3979737783075088,-0.47850119189511303,2.3120672329064
0.44326579261025023,-0.4487038140643623,2.205659349166408
0.4623361144219308,-0.28183849821215734,2.0590725549685764
0.39320619785458877,-0.0017431466030988843,1.884890355236514
0.499284862932062,0.16810190703218117,1.8745144827556437
0.3705601907032181,0.1383045292014303,1.7517701189393862
0.28712753277711567,0.2187574493444576,1.7579514897790542
0.23825983313468413,0.42435935637663863,1.859061055656475
0.09642431466030985,0.34688617401668637,1.8610479248549394
0.09046483909415985,0.4839541120381408,1.7795862877178912
-0.09308700834326566,0.47650476758045296,1.840958469626019
-0.14553039332538723,0.62996126340882,1.6775936688633755
-0.15029797377830748,0.4481972586412395,1.7087212863059869
-0.28379022646007135,0.5137514898688914,1.5371882455052113
-0.2706793802145411,0.45415673420738967,1.459038057032271
-0.0954707985697259,0.282821811680572,1.4557266083681635
-0.5889153754469607,0.299210369487485,1.459038057032271
-0.48402860548271753,0.18896007151370678,1.263441822605646
-0.4423122765196662,0.2187574493444576,1.177785683827395
-0.431585220500596,0.13681466030989262,1.1153096856978977
-0.5686531585220499,-0.08219606674612616,1.011771724133465
-0.5185935637663885,-0.20138557806913,1.0358349177593142
-0.5960667461263408,-0.31163587604290804,0.8722493537523962
-0.5460071513706792,-0.472541716328963,1.0219268333700617
-0.6056019070321812,-0.6006704410011919,0.8484069233708211
-0.5579261025029797,-0.6960220500595945,0.868275615355467
-0.49117997616209774,-0.6364272943980928,1.0470938432172798
-0.46495828367103686,-0.7794547079856969,0.9437766448971213
-0.34100119189511313,-0.5589541120381406,1.164981415659512
-0.37914183551847436,-0.8450089392133489,1.1557093594000107
-0.21108462455303925,-0.5023390941597139,1.23783328626988
-0.2539928486293206,-0.8450089392133489,1.3358521667274665
-0.13361144219308696,-0.6453665077473181,1.4590380570322705
-0.0835518474374255,-0.7436978545887959,1.4683101132917722
0.16674612634088204,-0.45466328963051234,1.3669797841700781
0.12383790226460067,-0.7466775923718713,1.5071644442839682
0.11787842669845047,-0.5798122765196662,1.577808682451598
0.33003575685339687,-0.6349374255065554,1.647790630886407
0.41704410011918946,-0.4770113230035756,1.6934886224510917
0.501668653158522,-0.5976907032181166,1.7747294963438665
0.40274135876042916,-0.35186233611442186,1.8723068503129054
0.5886769964243145,-0.5112783075089391,1.8497889993969732
0.46114421930870075,-0.2967371871275327,1.938977350083606
0.6625744934445768,-0.3265345649582836,2.0281657007702387
0.5052443384982122,-0.26098033373063156,1.907187442908172
0.5505363528009535,-0.006212753277711584,1.99151900222078
0.38843861740166863,0.028054231227651952,1.9054213369539816
0.3765196662693683,0.15618295589988096,1.9848961048925653
0.2573301549463647,0.13532479141835516,2.0723183496250073
0.2454112038140643,0.12638557806912995,2.0776166674875785
0.26328963051251486,0.46160607866507725,1.921316290541698
0.20011918951132293,0.45713647199046475,1.87716364168693
0.29070321811680566,0.4928933253873659,1.863034794053401
